{"cameraMode":{"drawMode":0,"name":"Shaded","section":"Shading Mode"},"sceneLighting":false,"audioPlay":false,"sceneViewState":{"showFog":true,"showMaterialUpdate":false,"showSkybox":true,"showFlares":true,"showImageEffects":true,"showParticleSystems":true},"in2DMode":false,"pivot":{"x":10.81454849243164,"y":-5.326142311096191,"z":-0.11947518587112427},"rotation":{"x":0.16434399783611298,"y":-0.050287533551454547,"z":0.008389498107135296,"w":0.9850847125053406},"size":6.7622175216674809,"orthographic":false}