{"cameraMode":{"drawMode":0,"name":"Shaded","section":"Shading Mode"},"sceneLighting":false,"audioPlay":false,"sceneViewState":{"showFog":true,"showMaterialUpdate":false,"showSkybox":true,"showFlares":true,"showImageEffects":true,"showParticleSystems":true},"in2DMode":false,"pivot":{"x":244.20896911621095,"y":2.6811554431915285,"z":145.6101531982422},"rotation":{"x":0.16024407744407655,"y":-0.47860559821128847,"z":0.08931916207075119,"w":0.8586505055427551},"size":8.072029113769532,"orthographic":false}